"sink-detect-3",,"warning","Sink element in type: IgnoreCommand, method: execute, signature: com.veracode.verademo.commands.IgnoreCommand.execute(execute(java.lang.String)), sink data type: String","/app/src/main/java/com/veracode/verademo/commands/IgnoreCommand.java","44","19","44","101"
"sink-detect-3",,"warning","Sink element in type: IgnoreCommand, method: execute, signature: com.veracode.verademo.commands.IgnoreCommand.execute(execute(java.lang.String)), sink data type: String","/app/src/main/java/com/veracode/verademo/commands/IgnoreCommand.java","44","19","44","73"
"sink-detect-3",,"warning","Sink element in type: IgnoreCommand, method: execute, signature: com.veracode.verademo.commands.IgnoreCommand.execute(execute(java.lang.String)), sink data type: String","/app/src/main/java/com/veracode/verademo/commands/IgnoreCommand.java","44","19","44","48"
"sink-detect-3",,"warning","Sink element in type: IgnoreCommand, method: execute, signature: com.veracode.verademo.commands.IgnoreCommand.execute(execute(java.lang.String)), sink data type: String","/app/src/main/java/com/veracode/verademo/commands/IgnoreCommand.java","37","15","37","86"
"sink-detect-3",,"warning","Sink element in type: IgnoreCommand, method: execute, signature: com.veracode.verademo.commands.IgnoreCommand.execute(execute(java.lang.String)), sink data type: String","/app/src/main/java/com/veracode/verademo/commands/IgnoreCommand.java","37","15","37","80"
"sink-detect-3",,"warning","Sink element in type: IgnoreCommand, method: execute, signature: com.veracode.verademo.commands.IgnoreCommand.execute(execute(java.lang.String)), sink data type: String","/app/src/main/java/com/veracode/verademo/commands/IgnoreCommand.java","45","15","45","107"
"sink-detect-3",,"warning","Sink element in type: IgnoreCommand, method: execute, signature: com.veracode.verademo.commands.IgnoreCommand.execute(execute(java.lang.String)), sink data type: String","/app/src/main/java/com/veracode/verademo/commands/IgnoreCommand.java","45","15","45","91"
"sink-detect-3",,"warning","Sink element in type: IgnoreCommand, method: execute, signature: com.veracode.verademo.commands.IgnoreCommand.execute(execute(java.lang.String)), sink data type: String","/app/src/main/java/com/veracode/verademo/commands/IgnoreCommand.java","45","15","45","80"
"sink-detect-3",,"warning","Sink element in type: ListenCommand, method: execute, signature: com.veracode.verademo.commands.ListenCommand.execute(execute(java.lang.String)), sink data type: String","/app/src/main/java/com/veracode/verademo/commands/ListenCommand.java","44","19","44","106"
"sink-detect-3",,"warning","Sink element in type: ListenCommand, method: execute, signature: com.veracode.verademo.commands.ListenCommand.execute(execute(java.lang.String)), sink data type: String","/app/src/main/java/com/veracode/verademo/commands/ListenCommand.java","44","19","44","78"
"sink-detect-3",,"warning","Sink element in type: ListenCommand, method: execute, signature: com.veracode.verademo.commands.ListenCommand.execute(execute(java.lang.String)), sink data type: String","/app/src/main/java/com/veracode/verademo/commands/ListenCommand.java","44","19","44","53"
"sink-detect-3",,"warning","Sink element in type: ListenCommand, method: execute, signature: com.veracode.verademo.commands.ListenCommand.execute(execute(java.lang.String)), sink data type: String","/app/src/main/java/com/veracode/verademo/commands/ListenCommand.java","37","15","37","86"
"sink-detect-3",,"warning","Sink element in type: ListenCommand, method: execute, signature: com.veracode.verademo.commands.ListenCommand.execute(execute(java.lang.String)), sink data type: String","/app/src/main/java/com/veracode/verademo/commands/ListenCommand.java","37","15","37","80"
"sink-detect-3",,"warning","Sink element in type: ListenCommand, method: execute, signature: com.veracode.verademo.commands.ListenCommand.execute(execute(java.lang.String)), sink data type: String","/app/src/main/java/com/veracode/verademo/commands/ListenCommand.java","45","15","45","107"
"sink-detect-3",,"warning","Sink element in type: ListenCommand, method: execute, signature: com.veracode.verademo.commands.ListenCommand.execute(execute(java.lang.String)), sink data type: String","/app/src/main/java/com/veracode/verademo/commands/ListenCommand.java","45","15","45","91"
"sink-detect-3",,"warning","Sink element in type: ListenCommand, method: execute, signature: com.veracode.verademo.commands.ListenCommand.execute(execute(java.lang.String)), sink data type: String","/app/src/main/java/com/veracode/verademo/commands/ListenCommand.java","45","15","45","80"
"sink-detect-3",,"warning","Sink element in type: BlabController, method: showFeed, signature: com.veracode.verademo.controller.BlabController.showFeed(showFeed(java.lang.String,org.springframework.ui.Model,javax.servlet.http.HttpServletRequest)), sink data type: boolean","/app/src/main/java/com/veracode/verademo/controller/BlabController.java","55","7","55","22"
"sink-detect-3",,"warning","Sink element in type: BlabController, method: showFeed, signature: com.veracode.verademo.controller.BlabController.showFeed(showFeed(java.lang.String,org.springframework.ui.Model,javax.servlet.http.HttpServletRequest)), sink data type: String","/app/src/main/java/com/veracode/verademo/controller/BlabController.java","60","15","60","99"
"sink-detect-3",,"warning","Sink element in type: BlabController, method: showFeed, signature: com.veracode.verademo.controller.BlabController.showFeed(showFeed(java.lang.String,org.springframework.ui.Model,javax.servlet.http.HttpServletRequest)), sink data type: String","/app/src/main/java/com/veracode/verademo/controller/BlabController.java","60","15","60","91"
"sink-detect-3",,"warning","Sink element in type: HomeController, method: renderGet, signature: com.veracode.verademo.controller.HomeController.renderGet(renderGet(org.springframework.ui.Model,javax.servlet.http.HttpServletRequest,javax.servlet.http.HttpServletResponse)), sink data type: boolean","/app/src/main/java/com/veracode/verademo/controller/HomeController.java","18","7","18","57"
"sink-detect-3",,"warning","Sink element in type: RemoveAccountCommand, method: execute, signature: com.veracode.verademo.commands.RemoveAccountCommand.execute(execute(java.lang.String)), sink data type: String","/app/src/main/java/com/veracode/verademo/commands/RemoveAccountCommand.java","46","19","46","70"
"sink-detect-3",,"warning","Sink element in type: RemoveAccountCommand, method: execute, signature: com.veracode.verademo.commands.RemoveAccountCommand.execute(execute(java.lang.String)), sink data type: String","/app/src/main/java/com/veracode/verademo/commands/RemoveAccountCommand.java","39","15","39","86"
"sink-detect-3",,"warning","Sink element in type: RemoveAccountCommand, method: execute, signature: com.veracode.verademo.commands.RemoveAccountCommand.execute(execute(java.lang.String)), sink data type: String","/app/src/main/java/com/veracode/verademo/commands/RemoveAccountCommand.java","39","15","39","80"
"sink-detect-3",,"warning","Sink element in type: RemoveAccountCommand, method: execute, signature: com.veracode.verademo.commands.RemoveAccountCommand.execute(execute(java.lang.String)), sink data type: String","/app/src/main/java/com/veracode/verademo/commands/RemoveAccountCommand.java","47","15","47","110"
"sink-detect-3",,"warning","Sink element in type: RemoveAccountCommand, method: execute, signature: com.veracode.verademo.commands.RemoveAccountCommand.execute(execute(java.lang.String)), sink data type: String","/app/src/main/java/com/veracode/verademo/commands/RemoveAccountCommand.java","47","15","47","95"
"sink-detect-3",,"warning","Sink element in type: RemoveAccountCommand, method: execute, signature: com.veracode.verademo.commands.RemoveAccountCommand.execute(execute(java.lang.String)), sink data type: String","/app/src/main/java/com/veracode/verademo/commands/RemoveAccountCommand.java","47","15","47","86"
"sink-detect-3",,"warning","Sink element in type: RemoveAccountCommand, method: execute, signature: com.veracode.verademo.commands.RemoveAccountCommand.execute(execute(java.lang.String)), sink data type: String","/app/src/main/java/com/veracode/verademo/commands/RemoveAccountCommand.java","51","15","51","76"
"sink-detect-3",,"warning","Sink element in type: RemoveAccountCommand, method: execute, signature: com.veracode.verademo.commands.RemoveAccountCommand.execute(execute(java.lang.String)), sink data type: String","/app/src/main/java/com/veracode/verademo/commands/RemoveAccountCommand.java","51","15","51","70"
"sink-detect-3",,"warning","Sink element in type: ResetController, method: processReset, signature: com.veracode.verademo.controller.ResetController.processReset(processReset(java.lang.String,java.lang.String,org.springframework.ui.Model)), sink data type: String","/app/src/main/java/com/veracode/verademo/controller/ResetController.java","108","17","108","55"
"sink-detect-3",,"warning","Sink element in type: ToolsController, method: tools, signature: com.veracode.verademo.controller.ToolsController.tools(tools(java.lang.String,java.lang.String,org.springframework.ui.Model)), sink data type: boolean","/app/src/main/java/com/veracode/verademo/controller/ToolsController.java","35","30","35","41"
"sink-detect-3",,"warning","Sink element in type: ToolsController, method: tools, signature: com.veracode.verademo.controller.ToolsController.tools(tools(java.lang.String,java.lang.String,org.springframework.ui.Model)), sink data type: boolean","/app/src/main/java/com/veracode/verademo/controller/ToolsController.java","37","7","37","25"
"sink-detect-3",,"warning","Sink element in type: ToolsController, method: ping, signature: com.veracode.verademo.controller.ToolsController.ping(ping(java.lang.String)), sink data type: String","/app/src/main/java/com/veracode/verademo/controller/ToolsController.java","49","15","49","32"
"sink-detect-3",,"warning","Sink element in type: ResetController, method: processReset, signature: com.veracode.verademo.controller.ResetController.processReset(processReset(java.lang.String,java.lang.String,org.springframework.ui.Model)), sink data type: String","/app/src/main/java/com/veracode/verademo/controller/ResetController.java","131","19","131","61"
"sink-detect-3",,"warning","Sink element in type: ResetController, method: processReset, signature: com.veracode.verademo.controller.ResetController.processReset(processReset(java.lang.String,java.lang.String,org.springframework.ui.Model)), sink data type: String","/app/src/main/java/com/veracode/verademo/controller/ResetController.java","131","19","131","38"
"sink-detect-3",,"warning","Sink element in type: UserController, method: showLogin, signature: com.veracode.verademo.controller.UserController.showLogin(showLogin(java.lang.String,java.lang.String,org.springframework.ui.Model,javax.servlet.http.HttpServletRequest,javax.servlet.http.HttpServletResponse)), sink data type: boolean","/app/src/main/java/com/veracode/verademo/controller/UserController.java","83","7","83","63"
"sink-detect-3",,"warning","Sink element in type: UserController, method: showLogin, signature: com.veracode.verademo.controller.UserController.showLogin(showLogin(java.lang.String,java.lang.String,org.springframework.ui.Model,javax.servlet.http.HttpServletRequest,javax.servlet.http.HttpServletResponse)), sink data type: boolean","/app/src/main/java/com/veracode/verademo/controller/UserController.java","85","8","85","21"
"sink-detect-3",,"warning","Sink element in type: UserController, method: showLogin, signature: com.veracode.verademo.controller.UserController.showLogin(showLogin(java.lang.String,java.lang.String,org.springframework.ui.Model,javax.servlet.http.HttpServletRequest,javax.servlet.http.HttpServletResponse)), sink data type: String","/app/src/main/java/com/veracode/verademo/controller/UserController.java","86","12","86","31"
"sink-detect-3",,"warning","Sink element in type: UserController, method: showLogin, signature: com.veracode.verademo.controller.UserController.showLogin(showLogin(java.lang.String,java.lang.String,org.springframework.ui.Model,javax.servlet.http.HttpServletRequest,javax.servlet.http.HttpServletResponse)), sink data type: boolean","/app/src/main/java/com/veracode/verademo/controller/UserController.java","94","7","94","18"
"sink-detect-3",,"warning","Sink element in type: UserController, method: showLogin, signature: com.veracode.verademo.controller.UserController.showLogin(showLogin(java.lang.String,java.lang.String,org.springframework.ui.Model,javax.servlet.http.HttpServletRequest,javax.servlet.http.HttpServletResponse)), sink data type: boolean","/app/src/main/java/com/veracode/verademo/controller/UserController.java","97","8","97","21"
"sink-detect-3",,"warning","Sink element in type: UserController, method: showLogin, signature: com.veracode.verademo.controller.UserController.showLogin(showLogin(java.lang.String,java.lang.String,org.springframework.ui.Model,javax.servlet.http.HttpServletRequest,javax.servlet.http.HttpServletResponse)), sink data type: String","/app/src/main/java/com/veracode/verademo/controller/UserController.java","98","12","98","31"
"sink-detect-3",,"warning","Sink element in type: UserController, method: showLogin, signature: com.veracode.verademo.controller.UserController.showLogin(showLogin(java.lang.String,java.lang.String,org.springframework.ui.Model,javax.servlet.http.HttpServletRequest,javax.servlet.http.HttpServletResponse)), sink data type: boolean","/app/src/main/java/com/veracode/verademo/controller/UserController.java","107","7","107","22"
"sink-detect-3",,"warning","Sink element in type: UserController, method: showLogin, signature: com.veracode.verademo.controller.UserController.showLogin(showLogin(java.lang.String,java.lang.String,org.springframework.ui.Model,javax.servlet.http.HttpServletRequest,javax.servlet.http.HttpServletResponse)), sink data type: boolean","/app/src/main/java/com/veracode/verademo/controller/UserController.java","111","7","111","20"
"sink-detect-3",,"warning","Sink element in type: UserController, method: showLogin, signature: com.veracode.verademo.controller.UserController.showLogin(showLogin(java.lang.String,java.lang.String,org.springframework.ui.Model,javax.servlet.http.HttpServletRequest,javax.servlet.http.HttpServletResponse)), sink data type: String","/app/src/main/java/com/veracode/verademo/controller/UserController.java","115","15","115","77"
"sink-detect-3",,"warning","Sink element in type: UserController, method: showLogin, signature: com.veracode.verademo.controller.UserController.showLogin(showLogin(java.lang.String,java.lang.String,org.springframework.ui.Model,javax.servlet.http.HttpServletRequest,javax.servlet.http.HttpServletResponse)), sink data type: String","/app/src/main/java/com/veracode/verademo/controller/UserController.java","115","15","115","60"
"sink-detect-3",,"warning","Sink element in type: UserController, method: processLogin, signature: com.veracode.verademo.controller.UserController.processLogin(processLogin(java.lang.String,java.lang.String,java.lang.String,java.lang.String,org.springframework.ui.Model,javax.servlet.http.HttpServletRequest,javax.servlet.http.HttpServletResponse)), sink data type: boolean","/app/src/main/java/com/veracode/verademo/controller/UserController.java","142","7","142","20"
"sink-detect-3",,"warning","Sink element in type: UserController, method: processLogin, signature: com.veracode.verademo.controller.UserController.processLogin(processLogin(java.lang.String,java.lang.String,java.lang.String,java.lang.String,org.springframework.ui.Model,javax.servlet.http.HttpServletRequest,javax.servlet.http.HttpServletResponse)), sink data type: String","/app/src/main/java/com/veracode/verademo/controller/UserController.java","143","15","143","34"
"sink-detect-3",,"warning","Sink element in type: UserController, method: processLogin, signature: com.veracode.verademo.controller.UserController.processLogin(processLogin(java.lang.String,java.lang.String,java.lang.String,java.lang.String,org.springframework.ui.Model,javax.servlet.http.HttpServletRequest,javax.servlet.http.HttpServletResponse)), sink data type: String","/app/src/main/java/com/veracode/verademo/controller/UserController.java","161","22","162","59"
"sink-detect-3",,"warning","Sink element in type: UserController, method: processLogin, signature: com.veracode.verademo.controller.UserController.processLogin(processLogin(java.lang.String,java.lang.String,java.lang.String,java.lang.String,org.springframework.ui.Model,javax.servlet.http.HttpServletRequest,javax.servlet.http.HttpServletResponse)), sink data type: String","/app/src/main/java/com/veracode/verademo/controller/UserController.java","161","22","162","36"
"sink-detect-3",,"warning","Sink element in type: UserController, method: processLogin, signature: com.veracode.verademo.controller.UserController.processLogin(processLogin(java.lang.String,java.lang.String,java.lang.String,java.lang.String,org.springframework.ui.Model,javax.servlet.http.HttpServletRequest,javax.servlet.http.HttpServletResponse)), sink data type: String","/app/src/main/java/com/veracode/verademo/controller/UserController.java","161","22","162","15"
"sink-detect-3",,"warning","Sink element in type: BlabController, method: showFeed, signature: com.veracode.verademo.controller.BlabController.showFeed(showFeed(java.lang.String,org.springframework.ui.Model,javax.servlet.http.HttpServletRequest)), sink data type: String","/app/src/main/java/com/veracode/verademo/controller/BlabController.java","73","42","73","76"
"sink-detect-3",,"warning","Sink element in type: UserController, method: processLogin, signature: com.veracode.verademo.controller.UserController.processLogin(processLogin(java.lang.String,java.lang.String,java.lang.String,java.lang.String,org.springframework.ui.Model,javax.servlet.http.HttpServletRequest,javax.servlet.http.HttpServletResponse)), sink data type: boolean","/app/src/main/java/com/veracode/verademo/controller/UserController.java","175","9","175","24"
"sink-detect-3",,"warning","Sink element in type: UserController, method: processLogin, signature: com.veracode.verademo.controller.UserController.processLogin(processLogin(java.lang.String,java.lang.String,java.lang.String,java.lang.String,org.springframework.ui.Model,javax.servlet.http.HttpServletRequest,javax.servlet.http.HttpServletResponse)), sink data type: String","/app/src/main/java/com/veracode/verademo/controller/UserController.java","198","32","198","63"
"sink-detect-3",,"warning","Sink element in type: UserController, method: processLogin, signature: com.veracode.verademo.controller.UserController.processLogin(processLogin(java.lang.String,java.lang.String,java.lang.String,java.lang.String,org.springframework.ui.Model,javax.servlet.http.HttpServletRequest,javax.servlet.http.HttpServletResponse)), sink data type: boolean","/app/src/main/java/com/veracode/verademo/controller/UserController.java","208","9","208","28"
"sink-detect-3",,"warning","Sink element in type: BlabController, method: showFeed, signature: com.veracode.verademo.controller.BlabController.showFeed(showFeed(java.lang.String,org.springframework.ui.Model,javax.servlet.http.HttpServletRequest)), sink data type: boolean","/app/src/main/java/com/veracode/verademo/controller/BlabController.java","120","9","120","25"
"sink-detect-3",,"warning","Sink element in type: BlabController, method: showFeed, signature: com.veracode.verademo.controller.BlabController.showFeed(showFeed(java.lang.String,org.springframework.ui.Model,javax.servlet.http.HttpServletRequest)), sink data type: boolean","/app/src/main/java/com/veracode/verademo/controller/BlabController.java","127","9","127","26"
"sink-detect-3",,"warning","Sink element in type: UserController, method: processLogin, signature: com.veracode.verademo.controller.UserController.processLogin(processLogin(java.lang.String,java.lang.String,java.lang.String,java.lang.String,org.springframework.ui.Model,javax.servlet.http.HttpServletRequest,javax.servlet.http.HttpServletResponse)), sink data type: boolean","/app/src/main/java/com/veracode/verademo/controller/UserController.java","217","9","217","23"
"sink-detect-3",,"warning","Sink element in type: BlabController, method: showFeed, signature: com.veracode.verademo.controller.BlabController.showFeed(showFeed(java.lang.String,org.springframework.ui.Model,javax.servlet.http.HttpServletRequest)), sink data type: boolean","/app/src/main/java/com/veracode/verademo/controller/BlabController.java","134","9","134","23"
"sink-detect-3",,"warning","Sink element in type: UserController, method: processLogin, signature: com.veracode.verademo.controller.UserController.processLogin(processLogin(java.lang.String,java.lang.String,java.lang.String,java.lang.String,org.springframework.ui.Model,javax.servlet.http.HttpServletRequest,javax.servlet.http.HttpServletResponse)), sink data type: String","/app/src/main/java/com/veracode/verademo/controller/UserController.java","228","15","228","48"
"sink-detect-3",,"warning","Sink element in type: UserController, method: showPasswordHint, signature: com.veracode.verademo.controller.UserController.showPasswordHint(showPasswordHint(java.lang.String)), sink data type: String","/app/src/main/java/com/veracode/verademo/controller/UserController.java","235","15","235","65"
"sink-detect-3",,"warning","Sink element in type: UserController, method: showPasswordHint, signature: com.veracode.verademo.controller.UserController.showPasswordHint(showPasswordHint(java.lang.String)), sink data type: boolean","/app/src/main/java/com/veracode/verademo/controller/UserController.java","237","7","237","22"
"sink-detect-3",,"warning","Sink element in type: UserController, method: showPasswordHint, signature: com.veracode.verademo.controller.UserController.showPasswordHint(showPasswordHint(java.lang.String)), sink data type: String","/app/src/main/java/com/veracode/verademo/controller/UserController.java","246","17","246","85"
"sink-detect-3",,"warning","Sink element in type: UserController, method: showPasswordHint, signature: com.veracode.verademo.controller.UserController.showPasswordHint(showPasswordHint(java.lang.String)), sink data type: String","/app/src/main/java/com/veracode/verademo/controller/UserController.java","246","17","246","79"
"sink-detect-3",,"warning","Sink element in type: BlabController, method: getMoreFeed, signature: com.veracode.verademo.controller.BlabController.getMoreFeed(getMoreFeed(java.lang.String,java.lang.String,org.springframework.ui.Model,javax.servlet.http.HttpServletRequest)), sink data type: String","/app/src/main/java/com/veracode/verademo/controller/BlabController.java","176","39","176","76"
"sink-detect-3",,"warning","Sink element in type: UserController, method: showPasswordHint, signature: com.veracode.verademo.controller.UserController.showPasswordHint(showPasswordHint(java.lang.String)), sink data type: String","/app/src/main/java/com/veracode/verademo/controller/UserController.java","252","27","252","76"
"sink-detect-3",,"warning","Sink element in type: UserController, method: showPasswordHint, signature: com.veracode.verademo.controller.UserController.showPasswordHint(showPasswordHint(java.lang.String)), sink data type: String","/app/src/main/java/com/veracode/verademo/controller/UserController.java","252","27","252","49"
"sink-detect-3",,"warning","Sink element in type: UserController, method: showPasswordHint, signature: com.veracode.verademo.controller.UserController.showPasswordHint(showPasswordHint(java.lang.String)), sink data type: String","/app/src/main/java/com/veracode/verademo/controller/UserController.java","254","12","257","79"
"sink-detect-3",,"warning","Sink element in type: BlabController, method: getMoreFeed, signature: com.veracode.verademo.controller.BlabController.getMoreFeed(getMoreFeed(java.lang.String,java.lang.String,org.springframework.ui.Model,javax.servlet.http.HttpServletRequest)), sink data type: String","/app/src/main/java/com/veracode/verademo/controller/BlabController.java","184","16","190","5"
"sink-detect-3",,"warning","Sink element in type: UserController, method: showPasswordHint, signature: com.veracode.verademo.controller.UserController.showPasswordHint(showPasswordHint(java.lang.String)), sink data type: String","/app/src/main/java/com/veracode/verademo/controller/UserController.java","257","7","257","60"
"sink-detect-3",,"warning","Sink element in type: UserController, method: showPasswordHint, signature: com.veracode.verademo.controller.UserController.showPasswordHint(showPasswordHint(java.lang.String)), sink data type: String","/app/src/main/java/com/veracode/verademo/controller/UserController.java","257","21","257","56"
"sink-detect-3",,"warning","Sink element in type: UserController, method: showPasswordHint, signature: com.veracode.verademo.controller.UserController.showPasswordHint(showPasswordHint(java.lang.String)), sink data type: String","/app/src/main/java/com/veracode/verademo/controller/UserController.java","257","21","257","50"
"sink-detect-3",,"warning","Sink element in type: UserController, method: showPasswordHint, signature: com.veracode.verademo.controller.UserController.showPasswordHint(showPasswordHint(java.lang.String)), sink data type: int","/app/src/main/java/com/veracode/verademo/controller/UserController.java","257","29","257","49"
"sink-detect-3",,"warning","Sink element in type: UserController, method: showPasswordHint, signature: com.veracode.verademo.controller.UserController.showPasswordHint(showPasswordHint(java.lang.String)), sink data type: String","/app/src/main/java/com/veracode/verademo/controller/UserController.java","259","12","259","46"
"sink-detect-3",,"warning","Sink element in type: BlabController, method: processFeed, signature: com.veracode.verademo.controller.BlabController.processFeed(processFeed(java.lang.String,org.springframework.ui.Model,javax.servlet.http.HttpServletRequest)), sink data type: boolean","/app/src/main/java/com/veracode/verademo/controller/BlabController.java","209","7","209","22"
"sink-detect-3",,"warning","Sink element in type: BlabController, method: processFeed, signature: com.veracode.verademo.controller.BlabController.processFeed(processFeed(java.lang.String,org.springframework.ui.Model,javax.servlet.http.HttpServletRequest)), sink data type: String","/app/src/main/java/com/veracode/verademo/controller/BlabController.java","213","15","213","99"
"sink-detect-3",,"warning","Sink element in type: BlabController, method: processFeed, signature: com.veracode.verademo.controller.BlabController.processFeed(processFeed(java.lang.String,org.springframework.ui.Model,javax.servlet.http.HttpServletRequest)), sink data type: String","/app/src/main/java/com/veracode/verademo/controller/BlabController.java","213","15","213","91"
"sink-detect-3",,"warning","Sink element in type: BlabController, method: processFeed, signature: com.veracode.verademo.controller.BlabController.processFeed(processFeed(java.lang.String,org.springframework.ui.Model,javax.servlet.http.HttpServletRequest)), sink data type: boolean","/app/src/main/java/com/veracode/verademo/controller/BlabController.java","245","9","245","23"
"sink-detect-3",,"warning","Sink element in type: UserController, method: processRegister, signature: com.veracode.verademo.controller.UserController.processRegister(processRegister(java.lang.String,javax.servlet.http.HttpServletRequest,javax.servlet.http.HttpServletResponse,org.springframework.ui.Model)), sink data type: String","/app/src/main/java/com/veracode/verademo/controller/UserController.java","308","17","308","80"
"sink-detect-3",,"warning","Sink element in type: UserController, method: processRegister, signature: com.veracode.verademo.controller.UserController.processRegister(processRegister(java.lang.String,javax.servlet.http.HttpServletRequest,javax.servlet.http.HttpServletResponse,org.springframework.ui.Model)), sink data type: String","/app/src/main/java/com/veracode/verademo/controller/UserController.java","308","17","308","74"
"sink-detect-3",,"warning","Sink element in type: BlabController, method: processFeed, signature: com.veracode.verademo.controller.BlabController.processFeed(processFeed(java.lang.String,org.springframework.ui.Model,javax.servlet.http.HttpServletRequest)), sink data type: boolean","/app/src/main/java/com/veracode/verademo/controller/BlabController.java","252","9","252","23"
"sink-detect-3",,"warning","Sink element in type: UserController, method: processRegister, signature: com.veracode.verademo.controller.UserController.processRegister(processRegister(java.lang.String,javax.servlet.http.HttpServletRequest,javax.servlet.http.HttpServletResponse,org.springframework.ui.Model)), sink data type: String","/app/src/main/java/com/veracode/verademo/controller/UserController.java","312","33","312","77"
"sink-detect-3",,"warning","Sink element in type: UserController, method: processRegister, signature: com.veracode.verademo.controller.UserController.processRegister(processRegister(java.lang.String,javax.servlet.http.HttpServletRequest,javax.servlet.http.HttpServletResponse,org.springframework.ui.Model)), sink data type: String","/app/src/main/java/com/veracode/verademo/controller/UserController.java","312","33","312","55"
"sink-detect-3",,"warning","Sink element in type: BlabController, method: showBlab, signature: com.veracode.verademo.controller.BlabController.showBlab(showBlab(java.lang.Integer,org.springframework.ui.Model,javax.servlet.http.HttpServletRequest)), sink data type: boolean","/app/src/main/java/com/veracode/verademo/controller/BlabController.java","273","7","273","22"
"sink-detect-3",,"warning","Sink element in type: ToolsController, method: ping, signature: com.veracode.verademo.controller.ToolsController.ping(ping(java.lang.String)), sink data type: String","/app/src/main/java/com/veracode/verademo/controller/ToolsController.java","53","66","53","83"
"sink-detect-3",,"warning","Sink element in type: ToolsController, method: ping, signature: com.veracode.verademo.controller.ToolsController.ping(ping(java.lang.String)), sink data type: boolean","/app/src/main/java/com/veracode/verademo/controller/ToolsController.java","62","11","62","40"
"sink-detect-3",,"warning","Sink element in type: ToolsController, method: ping, signature: com.veracode.verademo.controller.ToolsController.ping(ping(java.lang.String)), sink data type: String","/app/src/main/java/com/veracode/verademo/controller/ToolsController.java","63","15","63","25"
"sink-detect-3",,"warning","Sink element in type: ResetController, method: processReset, signature: com.veracode.verademo.controller.ResetController.processReset(processReset(java.lang.String,java.lang.String,org.springframework.ui.Model)), sink data type: int","/app/src/main/java/com/veracode/verademo/controller/ResetController.java","152","28","152","61"
"sink-detect-3",,"warning","Sink element in type: ResetController, method: processReset, signature: com.veracode.verademo.controller.ResetController.processReset(processReset(java.lang.String,java.lang.String,org.springframework.ui.Model)), sink data type: int","/app/src/main/java/com/veracode/verademo/controller/ResetController.java","152","41","152","56"
"sink-detect-3",,"warning","Sink element in type: ResetController, method: processReset, signature: com.veracode.verademo.controller.ResetController.processReset(processReset(java.lang.String,java.lang.String,org.springframework.ui.Model)), sink data type: int","/app/src/main/java/com/veracode/verademo/controller/ResetController.java","155","30","155","43"
"sink-detect-3",,"warning","Sink element in type: ResetController, method: processReset, signature: com.veracode.verademo.controller.ResetController.processReset(processReset(java.lang.String,java.lang.String,org.springframework.ui.Model)), sink data type: int","/app/src/main/java/com/veracode/verademo/controller/ResetController.java","155","30","155","36"
"sink-detect-3",,"warning","Sink element in type: ResetController, method: processReset, signature: com.veracode.verademo.controller.ResetController.processReset(processReset(java.lang.String,java.lang.String,org.springframework.ui.Model)), sink data type: String","/app/src/main/java/com/veracode/verademo/controller/ResetController.java","158","17","158","47"
"sink-detect-3",,"warning","Sink element in type: ToolsController, method: fortune, signature: com.veracode.verademo.controller.ToolsController.fortune(fortune(java.lang.String)), sink data type: String","/app/src/main/java/com/veracode/verademo/controller/ToolsController.java","77","16","77","44"
"sink-detect-3",,"warning","Sink element in type: ResetController, method: processReset, signature: com.veracode.verademo.controller.ResetController.processReset(processReset(java.lang.String,java.lang.String,org.springframework.ui.Model)), sink data type: long","/app/src/main/java/com/veracode/verademo/controller/ResetController.java","162","67","162","77"
"sink-detect-3",,"warning","Sink element in type: ToolsController, method: fortune, signature: com.veracode.verademo.controller.ToolsController.fortune(fortune(java.lang.String)), sink data type: boolean","/app/src/main/java/com/veracode/verademo/controller/ToolsController.java","92","11","92","40"
"sink-detect-3",,"warning","Sink element in type: ToolsController, method: fortune, signature: com.veracode.verademo.controller.ToolsController.fortune(fortune(java.lang.String)), sink data type: String","/app/src/main/java/com/veracode/verademo/controller/ToolsController.java","93","15","93","25"
"sink-detect-3",,"warning","Sink element in type: ResetController, method: processReset, signature: com.veracode.verademo.controller.ResetController.processReset(processReset(java.lang.String,java.lang.String,org.springframework.ui.Model)), sink data type: int","/app/src/main/java/com/veracode/verademo/controller/ResetController.java","182","29","182","62"
"sink-detect-3",,"warning","Sink element in type: ResetController, method: processReset, signature: com.veracode.verademo.controller.ResetController.processReset(processReset(java.lang.String,java.lang.String,org.springframework.ui.Model)), sink data type: int","/app/src/main/java/com/veracode/verademo/controller/ResetController.java","182","42","182","57"
"sink-detect-3",,"warning","Sink element in type: ResetController, method: processReset, signature: com.veracode.verademo.controller.ResetController.processReset(processReset(java.lang.String,java.lang.String,org.springframework.ui.Model)), sink data type: int","/app/src/main/java/com/veracode/verademo/controller/ResetController.java","190","31","190","44"
"sink-detect-3",,"warning","Sink element in type: ResetController, method: processReset, signature: com.veracode.verademo.controller.ResetController.processReset(processReset(java.lang.String,java.lang.String,org.springframework.ui.Model)), sink data type: int","/app/src/main/java/com/veracode/verademo/controller/ResetController.java","190","31","190","37"
"sink-detect-3",,"warning","Sink element in type: ResetController, method: processReset, signature: com.veracode.verademo.controller.ResetController.processReset(processReset(java.lang.String,java.lang.String,org.springframework.ui.Model)), sink data type: String","/app/src/main/java/com/veracode/verademo/controller/ResetController.java","192","18","192","69"
"sink-detect-3",,"warning","Sink element in type: ResetController, method: processReset, signature: com.veracode.verademo.controller.ResetController.processReset(processReset(java.lang.String,java.lang.String,org.springframework.ui.Model)), sink data type: String","/app/src/main/java/com/veracode/verademo/controller/ResetController.java","192","18","192","52"
"sink-detect-3",,"warning","Sink element in type: ResetController, method: processReset, signature: com.veracode.verademo.controller.ResetController.processReset(processReset(java.lang.String,java.lang.String,org.springframework.ui.Model)), sink data type: long","/app/src/main/java/com/veracode/verademo/controller/ResetController.java","196","71","196","81"
"sink-detect-3",,"warning","Sink element in type: Blab, method: getPostDateString, signature: com.veracode.verademo.model.Blab.getPostDateString(getPostDateString()), sink data type: String","/app/src/main/java/com/veracode/verademo/model/Blab.java","47","10","47","29"
"sink-detect-3",,"warning","Sink element in type: ResetController, method: processReset, signature: com.veracode.verademo.controller.ResetController.processReset(processReset(java.lang.String,java.lang.String,org.springframework.ui.Model)), sink data type: boolean","/app/src/main/java/com/veracode/verademo/controller/ResetController.java","206","9","206","30"
"sink-detect-3",,"warning","Sink element in type: ResetController, method: processReset, signature: com.veracode.verademo.controller.ResetController.processReset(processReset(java.lang.String,java.lang.String,org.springframework.ui.Model)), sink data type: boolean","/app/src/main/java/com/veracode/verademo/controller/ResetController.java","213","9","213","34"
"sink-detect-3",,"warning","Sink element in type: ResetController, method: processReset, signature: com.veracode.verademo.controller.ResetController.processReset(processReset(java.lang.String,java.lang.String,org.springframework.ui.Model)), sink data type: boolean","/app/src/main/java/com/veracode/verademo/controller/ResetController.java","220","9","220","30"
"sink-detect-3",,"warning","Sink element in type: ResetController, method: processReset, signature: com.veracode.verademo.controller.ResetController.processReset(processReset(java.lang.String,java.lang.String,org.springframework.ui.Model)), sink data type: boolean","/app/src/main/java/com/veracode/verademo/controller/ResetController.java","227","9","227","33"
"sink-detect-3",,"warning","Sink element in type: ResetController, method: processReset, signature: com.veracode.verademo.controller.ResetController.processReset(processReset(java.lang.String,java.lang.String,org.springframework.ui.Model)), sink data type: boolean","/app/src/main/java/com/veracode/verademo/controller/ResetController.java","234","9","234","23"
"sink-detect-3",,"warning","Sink element in type: ResetController, method: recreateDatabaseSchema, signature: com.veracode.verademo.controller.ResetController.recreateDatabaseSchema(recreateDatabaseSchema()), sink data type: String","/app/src/main/java/com/veracode/verademo/controller/ResetController.java","266","18","266","36"
"sink-detect-3",,"warning","Sink element in type: ResetController, method: recreateDatabaseSchema, signature: com.veracode.verademo.controller.ResetController.recreateDatabaseSchema(recreateDatabaseSchema()), sink data type: String","/app/src/main/java/com/veracode/verademo/controller/ResetController.java","267","25","267","43"
"sink-detect-3",,"warning","Sink element in type: Blabber, method: getCreatedDateString, signature: com.veracode.verademo.model.Blabber.getCreatedDateString(getCreatedDateString()), sink data type: String","/app/src/main/java/com/veracode/verademo/model/Blabber.java","86","10","86","32"
"sink-detect-3",,"warning","Sink element in type: ResetController, method: recreateDatabaseSchema, signature: com.veracode.verademo.controller.ResetController.recreateDatabaseSchema(recreateDatabaseSchema()), sink data type: boolean","/app/src/main/java/com/veracode/verademo/controller/ResetController.java","275","9","275","20"
"sink-detect-3",,"warning","Sink element in type: ResetController, method: recreateDatabaseSchema, signature: com.veracode.verademo.controller.ResetController.recreateDatabaseSchema(recreateDatabaseSchema()), sink data type: boolean","/app/src/main/java/com/veracode/verademo/controller/ResetController.java","282","9","282","23"
"sink-detect-3",,"warning","Sink element in type: ResetController, method: loadFile, signature: com.veracode.verademo.controller.ResetController.loadFile(loadFile(java.lang.String,java.lang.String[],java.lang.String)), sink data type: String","/app/src/main/java/com/veracode/verademo/controller/ResetController.java","313","17","313","58"
"sink-detect-3",,"warning","Sink element in type: ResetController, method: loadFile, signature: com.veracode.verademo.controller.ResetController.loadFile(loadFile(java.lang.String,java.lang.String[],java.lang.String)), sink data type: boolean","/app/src/main/java/com/veracode/verademo/controller/ResetController.java","316","7","316","31"
"sink-detect-3",,"warning","Sink element in type: ResetController, method: loadFile, signature: com.veracode.verademo.controller.ResetController.loadFile(loadFile(java.lang.String,java.lang.String[],java.lang.String)), sink data type: String","/app/src/main/java/com/veracode/verademo/controller/ResetController.java","319","12","319","37"
"sink-detect-3",,"warning","Sink element in type: ResetController, method: loadFile, signature: com.veracode.verademo.controller.ResetController.loadFile(loadFile(java.lang.String,java.lang.String[],java.lang.String)), sink data type: String","/app/src/main/java/com/veracode/verademo/controller/ResetController.java","319","12","319","28"
"sink-detect-3",,"warning","Sink element in type: ResetController, method: loadFile, signature: com.veracode.verademo.controller.ResetController.loadFile(loadFile(java.lang.String,java.lang.String[],java.lang.String)), sink data type: boolean","/app/src/main/java/com/veracode/verademo/controller/ResetController.java","329","11","329","22"
"sink-detect-3",,"warning","Sink element in type: Comment, method: getTimestampString, signature: com.veracode.verademo.model.Comment.getTimestampString(getTimestampString()), sink data type: String","/app/src/main/java/com/veracode/verademo/model/Comment.java","46","10","46","30"
"sink-detect-3",,"warning","Sink element in type: ResetController, method: loadFile, signature: com.veracode.verademo.controller.ResetController.loadFile(loadFile(java.lang.String,java.lang.String[],java.lang.String)), sink data type: boolean","/app/src/main/java/com/veracode/verademo/controller/ResetController.java","347","9","347","18"
"sink-detect-3",,"warning","Sink element in type: Constants, method: Constants, signature: com.veracode.verademo.utils.Constants.Constants(Constants()), sink data type: boolean","/app/src/main/java/com/veracode/verademo/utils/Constants.java","28","18","28","35"
"sink-detect-3",,"warning","Sink element in type: Constants, method: Constants, signature: com.veracode.verademo.utils.Constants.Constants(Constants()), sink data type: boolean","/app/src/main/java/com/veracode/verademo/utils/Constants.java","31","20","31","39"
"sink-detect-3",,"warning","Sink element in type: Constants, method: Constants, signature: com.veracode.verademo.utils.Constants.Constants(Constants()), sink data type: boolean","/app/src/main/java/com/veracode/verademo/utils/Constants.java","34","16","34","31"
"sink-detect-3",,"warning","Sink element in type: Constants, method: Constants, signature: com.veracode.verademo.utils.Constants.Constants(Constants()), sink data type: boolean","/app/src/main/java/com/veracode/verademo/utils/Constants.java","37","20","37","35"
"sink-detect-3",,"warning","Sink element in type: Constants, method: Constants, signature: com.veracode.verademo.utils.Constants.Constants(Constants()), sink data type: boolean","/app/src/main/java/com/veracode/verademo/utils/Constants.java","40","20","40","39"
"sink-detect-3",,"warning","Sink element in type: Constants, method: getJdbcConnectionString, signature: com.veracode.verademo.utils.Constants.getJdbcConnectionString(getJdbcConnectionString()), sink data type: String","/app/src/main/java/com/veracode/verademo/utils/Constants.java","50","17","58","4"
"sink-detect-3",,"warning","Sink element in type: UserFactory, method: createFromRequest, signature: com.veracode.verademo.utils.UserFactory.createFromRequest(createFromRequest(javax.servlet.http.HttpServletRequest)), sink data type: boolean","/app/src/main/java/com/veracode/verademo/utils/UserFactory.java","27","7","27","20"
"sink-detect-3",,"warning","Sink element in type: Utils, method: isConnectionFromHttps, signature: com.veracode.verademo.utils.Utils.isConnectionFromHttps(isConnectionFromHttps()), sink data type: boolean","/app/src/main/java/com/veracode/verademo/utils/Utils.java","13","10","13","55"
"sink-detect-3",,"warning","Sink element in type: UserFactory, method: getCookieFromRequestByName, signature: com.veracode.verademo.utils.UserFactory.getCookieFromRequestByName(getCookieFromRequestByName(javax.servlet.http.HttpServletRequest,java.lang.String)), sink data type: boolean","/app/src/main/java/com/veracode/verademo/utils/UserFactory.java","59","7","59","17"
"sink-detect-3",,"warning","Sink element in type: UserFactory, method: getCookieFromRequestByName, signature: com.veracode.verademo.utils.UserFactory.getCookieFromRequestByName(getCookieFromRequestByName(javax.servlet.http.HttpServletRequest,java.lang.String)), sink data type: boolean","/app/src/main/java/com/veracode/verademo/utils/UserFactory.java","66","7","66","21"
"sink-detect-3",,"warning","Sink element in type: Utils, method: upgradeCookieSecurityForHttpsIfRequired, signature: com.veracode.verademo.utils.Utils.upgradeCookieSecurityForHttpsIfRequired(upgradeCookieSecurityForHttpsIfRequired(javax.servlet.http.HttpServletResponse)), sink data type: String","/app/src/main/java/com/veracode/verademo/utils/Utils.java","42","48","42","98"
"sink-detect-3",,"warning","Sink element in type: Utils, method: upgradeCookieSecurityForHttpsIfRequired, signature: com.veracode.verademo.utils.Utils.upgradeCookieSecurityForHttpsIfRequired(upgradeCookieSecurityForHttpsIfRequired(javax.servlet.http.HttpServletResponse)), sink data type: String","/app/src/main/java/com/veracode/verademo/utils/Utils.java","46","47","46","97"
"sink-detect-3",,"warning","Sink element in type: BlabController, method: showBlab, signature: com.veracode.verademo.controller.BlabController.showBlab(showBlab(java.lang.Integer,org.springframework.ui.Model,javax.servlet.http.HttpServletRequest)), sink data type: String","/app/src/main/java/com/veracode/verademo/controller/BlabController.java","278","15","278","99"
"sink-detect-3",,"warning","Sink element in type: BlabController, method: showBlab, signature: com.veracode.verademo.controller.BlabController.showBlab(showBlab(java.lang.Integer,org.springframework.ui.Model,javax.servlet.http.HttpServletRequest)), sink data type: String","/app/src/main/java/com/veracode/verademo/controller/BlabController.java","278","15","278","91"
"sink-detect-3",,"warning","Sink element in type: Utils, method: redirect, signature: com.veracode.verademo.utils.Utils.redirect(redirect(java.lang.String)), sink data type: String","/app/src/main/java/com/veracode/verademo/utils/Utils.java","61","11","61","54"
"sink-detect-3",,"warning","Sink element in type: Utils, method: redirect, signature: com.veracode.verademo.utils.Utils.redirect(redirect(java.lang.String)), sink data type: String","/app/src/main/java/com/veracode/verademo/utils/Utils.java","61","11","61","48"
"sink-detect-3",,"warning","Sink element in type: Utils, method: redirect, signature: com.veracode.verademo.utils.Utils.redirect(redirect(java.lang.String)), sink data type: String","/app/src/main/java/com/veracode/verademo/utils/Utils.java","64","10","64","34"
"sink-detect-3",,"warning","Sink element in type: UserController, method: processRegisterFinish, signature: com.veracode.verademo.controller.UserController.processRegisterFinish(processRegisterFinish(java.lang.String,java.lang.String,java.lang.String,java.lang.String,javax.servlet.http.HttpServletRequest,javax.servlet.http.HttpServletResponse,org.springframework.ui.Model)), sink data type: boolean","/app/src/main/java/com/veracode/verademo/controller/UserController.java","345","7","345","40"
"sink-detect-3",,"warning","Sink element in type: UserController, method: processRegisterFinish, signature: com.veracode.verademo.controller.UserController.processRegisterFinish(processRegisterFinish(java.lang.String,java.lang.String,java.lang.String,java.lang.String,javax.servlet.http.HttpServletRequest,javax.servlet.http.HttpServletResponse,org.springframework.ui.Model)), sink data type: String","/app/src/main/java/com/veracode/verademo/controller/UserController.java","362","34","363","46"
"sink-detect-3",,"warning","Sink element in type: UserController, method: processRegisterFinish, signature: com.veracode.verademo.controller.UserController.processRegisterFinish(processRegisterFinish(java.lang.String,java.lang.String,java.lang.String,java.lang.String,javax.servlet.http.HttpServletRequest,javax.servlet.http.HttpServletResponse,org.springframework.ui.Model)), sink data type: String","/app/src/main/java/com/veracode/verademo/controller/UserController.java","366","17","366","37"
"sink-detect-3",,"warning","Sink element in type: UserController, method: processRegisterFinish, signature: com.veracode.verademo.controller.UserController.processRegisterFinish(processRegisterFinish(java.lang.String,java.lang.String,java.lang.String,java.lang.String,javax.servlet.http.HttpServletRequest,javax.servlet.http.HttpServletResponse,org.springframework.ui.Model)), sink data type: String","/app/src/main/java/com/veracode/verademo/controller/UserController.java","366","17","366","30"
"sink-detect-3",,"warning","Sink element in type: UserController, method: processRegisterFinish, signature: com.veracode.verademo.controller.UserController.processRegisterFinish(processRegisterFinish(java.lang.String,java.lang.String,java.lang.String,java.lang.String,javax.servlet.http.HttpServletRequest,javax.servlet.http.HttpServletResponse,org.springframework.ui.Model)), sink data type: String","/app/src/main/java/com/veracode/verademo/controller/UserController.java","367","17","367","42"
"sink-detect-3",,"warning","Sink element in type: UserController, method: processRegisterFinish, signature: com.veracode.verademo.controller.UserController.processRegisterFinish(processRegisterFinish(java.lang.String,java.lang.String,java.lang.String,java.lang.String,javax.servlet.http.HttpServletRequest,javax.servlet.http.HttpServletResponse,org.springframework.ui.Model)), sink data type: String","/app/src/main/java/com/veracode/verademo/controller/UserController.java","367","17","367","35"
"sink-detect-3",,"warning","Sink element in type: UserController, method: processRegisterFinish, signature: com.veracode.verademo.controller.UserController.processRegisterFinish(processRegisterFinish(java.lang.String,java.lang.String,java.lang.String,java.lang.String,javax.servlet.http.HttpServletRequest,javax.servlet.http.HttpServletResponse,org.springframework.ui.Model)), sink data type: String","/app/src/main/java/com/veracode/verademo/controller/UserController.java","368","17","368","49"
"sink-detect-3",,"warning","Sink element in type: UserController, method: processRegisterFinish, signature: com.veracode.verademo.controller.UserController.processRegisterFinish(processRegisterFinish(java.lang.String,java.lang.String,java.lang.String,java.lang.String,javax.servlet.http.HttpServletRequest,javax.servlet.http.HttpServletResponse,org.springframework.ui.Model)), sink data type: String","/app/src/main/java/com/veracode/verademo/controller/UserController.java","368","17","368","42"
"sink-detect-3",,"warning","Sink element in type: UserController, method: processRegisterFinish, signature: com.veracode.verademo.controller.UserController.processRegisterFinish(processRegisterFinish(java.lang.String,java.lang.String,java.lang.String,java.lang.String,javax.servlet.http.HttpServletRequest,javax.servlet.http.HttpServletResponse,org.springframework.ui.Model)), sink data type: String","/app/src/main/java/com/veracode/verademo/controller/UserController.java","369","17","369","37"
"sink-detect-3",,"warning","Sink element in type: UserController, method: processRegisterFinish, signature: com.veracode.verademo.controller.UserController.processRegisterFinish(processRegisterFinish(java.lang.String,java.lang.String,java.lang.String,java.lang.String,javax.servlet.http.HttpServletRequest,javax.servlet.http.HttpServletResponse,org.springframework.ui.Model)), sink data type: String","/app/src/main/java/com/veracode/verademo/controller/UserController.java","369","17","369","30"
"sink-detect-3",,"warning","Sink element in type: UserController, method: processRegisterFinish, signature: com.veracode.verademo.controller.UserController.processRegisterFinish(processRegisterFinish(java.lang.String,java.lang.String,java.lang.String,java.lang.String,javax.servlet.http.HttpServletRequest,javax.servlet.http.HttpServletResponse,org.springframework.ui.Model)), sink data type: String","/app/src/main/java/com/veracode/verademo/controller/UserController.java","370","17","370","36"
"sink-detect-3",,"warning","Sink element in type: UserController, method: processRegisterFinish, signature: com.veracode.verademo.controller.UserController.processRegisterFinish(processRegisterFinish(java.lang.String,java.lang.String,java.lang.String,java.lang.String,javax.servlet.http.HttpServletRequest,javax.servlet.http.HttpServletResponse,org.springframework.ui.Model)), sink data type: String","/app/src/main/java/com/veracode/verademo/controller/UserController.java","370","17","370","30"
"sink-detect-3",,"warning","Sink element in type: UserController, method: processRegisterFinish, signature: com.veracode.verademo.controller.UserController.processRegisterFinish(processRegisterFinish(java.lang.String,java.lang.String,java.lang.String,java.lang.String,javax.servlet.http.HttpServletRequest,javax.servlet.http.HttpServletResponse,org.springframework.ui.Model)), sink data type: boolean","/app/src/main/java/com/veracode/verademo/controller/UserController.java","383","9","383","28"
"sink-detect-3",,"warning","Sink element in type: UserController, method: processRegisterFinish, signature: com.veracode.verademo.controller.UserController.processRegisterFinish(processRegisterFinish(java.lang.String,java.lang.String,java.lang.String,java.lang.String,javax.servlet.http.HttpServletRequest,javax.servlet.http.HttpServletResponse,org.springframework.ui.Model)), sink data type: boolean","/app/src/main/java/com/veracode/verademo/controller/UserController.java","390","9","390","23"
"sink-detect-3",,"warning","Sink element in type: UserController, method: processRegisterFinish, signature: com.veracode.verademo.controller.UserController.processRegisterFinish(processRegisterFinish(java.lang.String,java.lang.String,java.lang.String,java.lang.String,javax.servlet.http.HttpServletRequest,javax.servlet.http.HttpServletResponse,org.springframework.ui.Model)), sink data type: String","/app/src/main/java/com/veracode/verademo/controller/UserController.java","398","25","398","52"
"sink-detect-3",,"warning","Sink element in type: UserController, method: emailUser, signature: com.veracode.verademo.controller.UserController.emailUser(emailUser(java.lang.String)), sink data type: String","/app/src/main/java/com/veracode/verademo/controller/UserController.java","419","23","419","68"
"sink-detect-3",,"warning","Sink element in type: UserController, method: emailUser, signature: com.veracode.verademo.controller.UserController.emailUser(emailUser(java.lang.String)), sink data type: String","/app/src/main/java/com/veracode/verademo/controller/UserController.java","422","20","422","64"
"sink-detect-3",,"warning","Sink element in type: UserController, method: showProfile, signature: com.veracode.verademo.controller.UserController.showProfile(showProfile(java.lang.String,org.springframework.ui.Model,javax.servlet.http.HttpServletRequest)), sink data type: boolean","/app/src/main/java/com/veracode/verademo/controller/UserController.java","440","7","440","22"
"sink-detect-3",,"warning","Sink element in type: BlabController, method: showBlab, signature: com.veracode.verademo.controller.BlabController.showBlab(showBlab(java.lang.Integer,org.springframework.ui.Model,javax.servlet.http.HttpServletRequest)), sink data type: boolean","/app/src/main/java/com/veracode/verademo/controller/BlabController.java","339","9","339","27"
"sink-detect-3",,"warning","Sink element in type: BlabController, method: showBlab, signature: com.veracode.verademo.controller.BlabController.showBlab(showBlab(java.lang.Integer,org.springframework.ui.Model,javax.servlet.http.HttpServletRequest)), sink data type: boolean","/app/src/main/java/com/veracode/verademo/controller/BlabController.java","346","9","346","23"
"sink-detect-3",,"warning","Sink element in type: BlabController, method: processBlab, signature: com.veracode.verademo.controller.BlabController.processBlab(processBlab(java.lang.String,java.lang.Integer,org.springframework.ui.Model,javax.servlet.http.HttpServletRequest)), sink data type: boolean","/app/src/main/java/com/veracode/verademo/controller/BlabController.java","368","7","368","22"
"sink-detect-3",,"warning","Sink element in type: BlabController, method: processBlab, signature: com.veracode.verademo.controller.BlabController.processBlab(processBlab(java.lang.String,java.lang.Integer,org.springframework.ui.Model,javax.servlet.http.HttpServletRequest)), sink data type: String","/app/src/main/java/com/veracode/verademo/controller/BlabController.java","373","15","373","99"
"sink-detect-3",,"warning","Sink element in type: BlabController, method: processBlab, signature: com.veracode.verademo.controller.BlabController.processBlab(processBlab(java.lang.String,java.lang.Integer,org.springframework.ui.Model,javax.servlet.http.HttpServletRequest)), sink data type: String","/app/src/main/java/com/veracode/verademo/controller/BlabController.java","373","15","373","91"
"sink-detect-3",,"warning","Sink element in type: BlabController, method: processBlab, signature: com.veracode.verademo.controller.BlabController.processBlab(processBlab(java.lang.String,java.lang.Integer,org.springframework.ui.Model,javax.servlet.http.HttpServletRequest)), sink data type: String","/app/src/main/java/com/veracode/verademo/controller/BlabController.java","402","30","402","52"
"sink-detect-3",,"warning","Sink element in type: BlabController, method: processBlab, signature: com.veracode.verademo.controller.BlabController.processBlab(processBlab(java.lang.String,java.lang.Integer,org.springframework.ui.Model,javax.servlet.http.HttpServletRequest)), sink data type: boolean","/app/src/main/java/com/veracode/verademo/controller/BlabController.java","407","9","407","26"
"sink-detect-3",,"warning","Sink element in type: BlabController, method: processBlab, signature: com.veracode.verademo.controller.BlabController.processBlab(processBlab(java.lang.String,java.lang.Integer,org.springframework.ui.Model,javax.servlet.http.HttpServletRequest)), sink data type: boolean","/app/src/main/java/com/veracode/verademo/controller/BlabController.java","414","9","414","23"
"sink-detect-3",,"warning","Sink element in type: BlabController, method: showBlabbers, signature: com.veracode.verademo.controller.BlabController.showBlabbers(showBlabbers(java.lang.String,org.springframework.ui.Model,javax.servlet.http.HttpServletRequest)), sink data type: String","/app/src/main/java/com/veracode/verademo/controller/BlabController.java","450","24","454","107"
"sink-detect-3",,"warning","Sink element in type: BlabController, method: showBlabbers, signature: com.veracode.verademo.controller.BlabController.showBlabbers(showBlabbers(java.lang.String,org.springframework.ui.Model,javax.servlet.http.HttpServletRequest)), sink data type: String","/app/src/main/java/com/veracode/verademo/controller/BlabController.java","450","24","454","101"
"sink-detect-3",,"warning","Sink element in type: BlabController, method: showBlabbers, signature: com.veracode.verademo.controller.BlabController.showBlabbers(showBlabbers(java.lang.String,org.springframework.ui.Model,javax.servlet.http.HttpServletRequest)), sink data type: boolean","/app/src/main/java/com/veracode/verademo/controller/BlabController.java","430","7","430","18"
"sink-detect-3",,"warning","Sink element in type: BlabController, method: showBlabbers, signature: com.veracode.verademo.controller.BlabController.showBlabbers(showBlabbers(java.lang.String,org.springframework.ui.Model,javax.servlet.http.HttpServletRequest)), sink data type: boolean","/app/src/main/java/com/veracode/verademo/controller/BlabController.java","439","7","439","22"
"sink-detect-3",,"warning","Sink element in type: BlabController, method: showBlabbers, signature: com.veracode.verademo.controller.BlabController.showBlabbers(showBlabbers(java.lang.String,org.springframework.ui.Model,javax.servlet.http.HttpServletRequest)), sink data type: String","/app/src/main/java/com/veracode/verademo/controller/BlabController.java","444","15","444","99"
"sink-detect-3",,"warning","Sink element in type: BlabController, method: showBlabbers, signature: com.veracode.verademo.controller.BlabController.showBlabbers(showBlabbers(java.lang.String,org.springframework.ui.Model,javax.servlet.http.HttpServletRequest)), sink data type: String","/app/src/main/java/com/veracode/verademo/controller/BlabController.java","444","15","444","91"
"sink-detect-3",,"warning","Sink element in type: UserController, method: showProfile, signature: com.veracode.verademo.controller.UserController.showProfile(showProfile(java.lang.String,org.springframework.ui.Model,javax.servlet.http.HttpServletRequest)), sink data type: String","/app/src/main/java/com/veracode/verademo/controller/UserController.java","475","25","476","35"
"sink-detect-3",,"warning","Sink element in type: UserController, method: showProfile, signature: com.veracode.verademo.controller.UserController.showProfile(showProfile(java.lang.String,org.springframework.ui.Model,javax.servlet.http.HttpServletRequest)), sink data type: String","/app/src/main/java/com/veracode/verademo/controller/UserController.java","475","25","475","85"
"sink-detect-3",,"warning","Sink element in type: UserController, method: showProfile, signature: com.veracode.verademo.controller.UserController.showProfile(showProfile(java.lang.String,org.springframework.ui.Model,javax.servlet.http.HttpServletRequest)), sink data type: String","/app/src/main/java/com/veracode/verademo/controller/UserController.java","487","17","487","102"
"sink-detect-3",,"warning","Sink element in type: UserController, method: showProfile, signature: com.veracode.verademo.controller.UserController.showProfile(showProfile(java.lang.String,org.springframework.ui.Model,javax.servlet.http.HttpServletRequest)), sink data type: String","/app/src/main/java/com/veracode/verademo/controller/UserController.java","487","17","487","96"
"sink-detect-3",,"warning","Sink element in type: BlabController, method: showBlabbers, signature: com.veracode.verademo.controller.BlabController.showBlabbers(showBlabbers(java.lang.String,org.springframework.ui.Model,javax.servlet.http.HttpServletRequest)), sink data type: boolean","/app/src/main/java/com/veracode/verademo/controller/BlabController.java","489","9","489","28"
"sink-detect-3",,"warning","Sink element in type: BlabController, method: showBlabbers, signature: com.veracode.verademo.controller.BlabController.showBlabbers(showBlabbers(java.lang.String,org.springframework.ui.Model,javax.servlet.http.HttpServletRequest)), sink data type: boolean","/app/src/main/java/com/veracode/verademo/controller/BlabController.java","496","9","496","23"
"sink-detect-3",,"warning","Sink element in type: BlabController, method: processBlabbers, signature: com.veracode.verademo.controller.BlabController.processBlabbers(processBlabbers(java.lang.String,java.lang.String,org.springframework.ui.Model,javax.servlet.http.HttpServletRequest)), sink data type: boolean","/app/src/main/java/com/veracode/verademo/controller/BlabController.java","518","7","518","22"
"sink-detect-3",,"warning","Sink element in type: BlabController, method: processBlabbers, signature: com.veracode.verademo.controller.BlabController.processBlabbers(processBlabbers(java.lang.String,java.lang.String,org.springframework.ui.Model,javax.servlet.http.HttpServletRequest)), sink data type: String","/app/src/main/java/com/veracode/verademo/controller/BlabController.java","523","15","523","99"
"sink-detect-3",,"warning","Sink element in type: BlabController, method: processBlabbers, signature: com.veracode.verademo.controller.BlabController.processBlabbers(processBlabbers(java.lang.String,java.lang.String,org.springframework.ui.Model,javax.servlet.http.HttpServletRequest)), sink data type: String","/app/src/main/java/com/veracode/verademo/controller/BlabController.java","523","15","523","91"
"sink-detect-3",,"warning","Sink element in type: BlabController, method: processBlabbers, signature: com.veracode.verademo.controller.BlabController.processBlabbers(processBlabbers(java.lang.String,java.lang.String,org.springframework.ui.Model,javax.servlet.http.HttpServletRequest)), sink data type: boolean","/app/src/main/java/com/veracode/verademo/controller/BlabController.java","525","7","525","21"
"sink-detect-3",,"warning","Sink element in type: BlabController, method: processBlabbers, signature: com.veracode.verademo.controller.BlabController.processBlabbers(processBlabbers(java.lang.String,java.lang.String,org.springframework.ui.Model,javax.servlet.http.HttpServletRequest)), sink data type: String","/app/src/main/java/com/veracode/verademo/controller/BlabController.java","530","15","530","52"
"sink-detect-3",,"warning","Sink element in type: BlabController, method: processBlabbers, signature: com.veracode.verademo.controller.BlabController.processBlabbers(processBlabbers(java.lang.String,java.lang.String,org.springframework.ui.Model,javax.servlet.http.HttpServletRequest)), sink data type: String","/app/src/main/java/com/veracode/verademo/controller/BlabController.java","531","15","531","36"
"sink-detect-3",,"warning","Sink element in type: BlabController, method: processBlabbers, signature: com.veracode.verademo.controller.BlabController.processBlabbers(processBlabbers(java.lang.String,java.lang.String,org.springframework.ui.Model,javax.servlet.http.HttpServletRequest)), sink data type: String","/app/src/main/java/com/veracode/verademo/controller/BlabController.java","543","38","543","101"
"sink-detect-3",,"warning","Sink element in type: BlabController, method: processBlabbers, signature: com.veracode.verademo.controller.BlabController.processBlabbers(processBlabbers(java.lang.String,java.lang.String,org.springframework.ui.Model,javax.servlet.http.HttpServletRequest)), sink data type: String","/app/src/main/java/com/veracode/verademo/controller/BlabController.java","543","38","543","89"
"sink-detect-3",,"warning","Sink element in type: UserController, method: showProfile, signature: com.veracode.verademo.controller.UserController.showProfile(showProfile(java.lang.String,org.springframework.ui.Model,javax.servlet.http.HttpServletRequest)), sink data type: boolean","/app/src/main/java/com/veracode/verademo/controller/UserController.java","504","9","504","26"
"sink-detect-3",,"warning","Sink element in type: UserController, method: showProfile, signature: com.veracode.verademo.controller.UserController.showProfile(showProfile(java.lang.String,org.springframework.ui.Model,javax.servlet.http.HttpServletRequest)), sink data type: boolean","/app/src/main/java/com/veracode/verademo/controller/UserController.java","511","9","511","23"
"sink-detect-3",,"warning","Sink element in type: UserController, method: processProfile, signature: com.veracode.verademo.controller.UserController.processProfile(processProfile(java.lang.String,java.lang.String,java.lang.String,org.springframework.web.multipart.MultipartFile,org.springframework.web.multipart.MultipartHttpServletRequest,javax.servlet.http.HttpServletResponse)), sink data type: String","/app/src/main/java/com/veracode/verademo/controller/UserController.java","637","25","638","29"
"sink-detect-3",,"warning","Sink element in type: UserController, method: processProfile, signature: com.veracode.verademo.controller.UserController.processProfile(processProfile(java.lang.String,java.lang.String,java.lang.String,org.springframework.web.multipart.MultipartFile,org.springframework.web.multipart.MultipartHttpServletRequest,javax.servlet.http.HttpServletResponse)), sink data type: String","/app/src/main/java/com/veracode/verademo/controller/UserController.java","637","25","638","9"
"sink-detect-3",,"warning","Sink element in type: UserController, method: processProfile, signature: com.veracode.verademo.controller.UserController.processProfile(processProfile(java.lang.String,java.lang.String,java.lang.String,org.springframework.web.multipart.MultipartFile,org.springframework.web.multipart.MultipartHttpServletRequest,javax.servlet.http.HttpServletResponse)), sink data type: boolean","/app/src/main/java/com/veracode/verademo/controller/UserController.java","535","7","535","29"
"sink-detect-3",,"warning","Sink element in type: UserController, method: processProfile, signature: com.veracode.verademo.controller.UserController.processProfile(processProfile(java.lang.String,java.lang.String,java.lang.String,org.springframework.web.multipart.MultipartFile,org.springframework.web.multipart.MultipartHttpServletRequest,javax.servlet.http.HttpServletResponse)), sink data type: String","/app/src/main/java/com/veracode/verademo/controller/UserController.java","541","15","541","95"
"sink-detect-3",,"warning","Sink element in type: UserController, method: processProfile, signature: com.veracode.verademo.controller.UserController.processProfile(processProfile(java.lang.String,java.lang.String,java.lang.String,org.springframework.web.multipart.MultipartFile,org.springframework.web.multipart.MultipartHttpServletRequest,javax.servlet.http.HttpServletResponse)), sink data type: String","/app/src/main/java/com/veracode/verademo/controller/UserController.java","541","15","541","87"
"sink-detect-3",,"warning","Sink element in type: UserController, method: processProfile, signature: com.veracode.verademo.controller.UserController.processProfile(processProfile(java.lang.String,java.lang.String,java.lang.String,org.springframework.web.multipart.MultipartFile,org.springframework.web.multipart.MultipartHttpServletRequest,javax.servlet.http.HttpServletResponse)), sink data type: boolean","/app/src/main/java/com/veracode/verademo/controller/UserController.java","573","9","573","22"
"sink-detect-3",,"warning","Sink element in type: UserController, method: processProfile, signature: com.veracode.verademo.controller.UserController.processProfile(processProfile(java.lang.String,java.lang.String,java.lang.String,org.springframework.web.multipart.MultipartFile,org.springframework.web.multipart.MultipartHttpServletRequest,javax.servlet.http.HttpServletResponse)), sink data type: boolean","/app/src/main/java/com/veracode/verademo/controller/UserController.java","580","9","580","23"
"sink-detect-3",,"warning","Sink element in type: UserController, method: processProfile, signature: com.veracode.verademo.controller.UserController.processProfile(processProfile(java.lang.String,java.lang.String,java.lang.String,org.springframework.web.multipart.MultipartFile,org.springframework.web.multipart.MultipartHttpServletRequest,javax.servlet.http.HttpServletResponse)), sink data type: boolean","/app/src/main/java/com/veracode/verademo/controller/UserController.java","606","8","606","26"
"sink-detect-3",,"warning","Sink element in type: UserController, method: processProfile, signature: com.veracode.verademo.controller.UserController.processProfile(processProfile(java.lang.String,java.lang.String,java.lang.String,org.springframework.web.multipart.MultipartFile,org.springframework.web.multipart.MultipartHttpServletRequest,javax.servlet.http.HttpServletResponse)), sink data type: boolean","/app/src/main/java/com/veracode/verademo/controller/UserController.java","613","7","613","18"
"sink-detect-3",,"warning","Sink element in type: UserController, method: processProfile, signature: com.veracode.verademo.controller.UserController.processProfile(processProfile(java.lang.String,java.lang.String,java.lang.String,org.springframework.web.multipart.MultipartFile,org.springframework.web.multipart.MultipartHttpServletRequest,javax.servlet.http.HttpServletResponse)), sink data type: boolean","/app/src/main/java/com/veracode/verademo/controller/UserController.java","618","8","618","23"
"sink-detect-3",,"warning","Sink element in type: UserController, method: processProfile, signature: com.veracode.verademo.controller.UserController.processProfile(processProfile(java.lang.String,java.lang.String,java.lang.String,org.springframework.web.multipart.MultipartFile,org.springframework.web.multipart.MultipartHttpServletRequest,javax.servlet.http.HttpServletResponse)), sink data type: String","/app/src/main/java/com/veracode/verademo/controller/UserController.java","627","17","627","51"
"sink-detect-3",,"warning","Sink element in type: UserController, method: processProfile, signature: com.veracode.verademo.controller.UserController.processProfile(processProfile(java.lang.String,java.lang.String,java.lang.String,org.springframework.web.multipart.MultipartFile,org.springframework.web.multipart.MultipartHttpServletRequest,javax.servlet.http.HttpServletResponse)), sink data type: String","/app/src/main/java/com/veracode/verademo/controller/UserController.java","639","10","639","80"
"sink-detect-3",,"warning","Sink element in type: UserController, method: downloadImage, signature: com.veracode.verademo.controller.UserController.downloadImage(downloadImage(java.lang.String,javax.servlet.http.HttpServletRequest,javax.servlet.http.HttpServletResponse)), sink data type: boolean","/app/src/main/java/com/veracode/verademo/controller/UserController.java","651","7","651","29"
"sink-detect-3",,"warning","Sink element in type: UserController, method: downloadImage, signature: com.veracode.verademo.controller.UserController.downloadImage(downloadImage(java.lang.String,javax.servlet.http.HttpServletRequest,javax.servlet.http.HttpServletResponse)), sink data type: String","/app/src/main/java/com/veracode/verademo/controller/UserController.java","657","15","657","95"
"sink-detect-3",,"warning","Sink element in type: UserController, method: downloadImage, signature: com.veracode.verademo.controller.UserController.downloadImage(downloadImage(java.lang.String,javax.servlet.http.HttpServletRequest,javax.servlet.http.HttpServletResponse)), sink data type: String","/app/src/main/java/com/veracode/verademo/controller/UserController.java","657","15","657","87"
"sink-detect-3",,"warning","Sink element in type: BlabController, method: processBlabbers, signature: com.veracode.verademo.controller.BlabController.processBlabbers(processBlabbers(java.lang.String,java.lang.String,org.springframework.ui.Model,javax.servlet.http.HttpServletRequest)), sink data type: boolean","/app/src/main/java/com/veracode/verademo/controller/BlabController.java","556","9","556","22"
"sink-detect-3",,"warning","Sink element in type: UserController, method: downloadImage, signature: com.veracode.verademo.controller.UserController.downloadImage(downloadImage(java.lang.String,javax.servlet.http.HttpServletRequest,javax.servlet.http.HttpServletResponse)), sink data type: String","/app/src/main/java/com/veracode/verademo/controller/UserController.java","661","15","661","47"
"sink-detect-3",,"warning","Sink element in type: BlabController, method: processBlabbers, signature: com.veracode.verademo.controller.BlabController.processBlabbers(processBlabbers(java.lang.String,java.lang.String,org.springframework.ui.Model,javax.servlet.http.HttpServletRequest)), sink data type: boolean","/app/src/main/java/com/veracode/verademo/controller/BlabController.java","563","9","563","23"
"sink-detect-3",,"warning","Sink element in type: UserController, method: downloadImage, signature: com.veracode.verademo.controller.UserController.downloadImage(downloadImage(java.lang.String,javax.servlet.http.HttpServletRequest,javax.servlet.http.HttpServletResponse)), sink data type: boolean","/app/src/main/java/com/veracode/verademo/controller/UserController.java","671","8","671","23"
"sink-detect-3",,"warning","Sink element in type: UserController, method: downloadImage, signature: com.veracode.verademo.controller.UserController.downloadImage(downloadImage(java.lang.String,javax.servlet.http.HttpServletRequest,javax.servlet.http.HttpServletResponse)), sink data type: String","/app/src/main/java/com/veracode/verademo/controller/UserController.java","675","16","675","39"
"sink-detect-3",,"warning","Sink element in type: UserController, method: downloadImage, signature: com.veracode.verademo.controller.UserController.downloadImage(downloadImage(java.lang.String,javax.servlet.http.HttpServletRequest,javax.servlet.http.HttpServletResponse)), sink data type: String","/app/src/main/java/com/veracode/verademo/controller/UserController.java","680","46","680","80"
"sink-detect-3",,"warning","Sink element in type: UserController, method: downloadImage, signature: com.veracode.verademo.controller.UserController.downloadImage(downloadImage(java.lang.String,javax.servlet.http.HttpServletRequest,javax.servlet.http.HttpServletResponse)), sink data type: boolean","/app/src/main/java/com/veracode/verademo/controller/UserController.java","696","9","696","27"
"sink-detect-3",,"warning","Sink element in type: UserController, method: downloadImage, signature: com.veracode.verademo.controller.UserController.downloadImage(downloadImage(java.lang.String,javax.servlet.http.HttpServletRequest,javax.servlet.http.HttpServletResponse)), sink data type: boolean","/app/src/main/java/com/veracode/verademo/controller/UserController.java","703","9","703","25"
"sink-detect-3",,"warning","Sink element in type: UserController, method: usernameExists, signature: com.veracode.verademo.controller.UserController.usernameExists(usernameExists(java.lang.String)), sink data type: boolean","/app/src/main/java/com/veracode/verademo/controller/UserController.java","745","9","745","28"
"sink-detect-3",,"warning","Sink element in type: UserController, method: usernameExists, signature: com.veracode.verademo.controller.UserController.usernameExists(usernameExists(java.lang.String)), sink data type: boolean","/app/src/main/java/com/veracode/verademo/controller/UserController.java","752","9","752","23"
"sink-detect-3",,"warning","Sink element in type: UserController, method: usernameExists, signature: com.veracode.verademo.controller.UserController.usernameExists(usernameExists(java.lang.String)), sink data type: String","/app/src/main/java/com/veracode/verademo/controller/UserController.java","760","15","760","69"
"sink-detect-3",,"warning","Sink element in type: UserController, method: usernameExists, signature: com.veracode.verademo.controller.UserController.usernameExists(usernameExists(java.lang.String)), sink data type: String","/app/src/main/java/com/veracode/verademo/controller/UserController.java","760","15","760","37"
"sink-detect-3",,"warning","Sink element in type: UserController, method: updateUsername, signature: com.veracode.verademo.controller.UserController.updateUsername(updateUsername(java.lang.String,java.lang.String)), sink data type: String","/app/src/main/java/com/veracode/verademo/controller/UserController.java","796","17","796","58"
"sink-detect-3",,"warning","Sink element in type: UserController, method: updateUsername, signature: com.veracode.verademo.controller.UserController.updateUsername(updateUsername(java.lang.String,java.lang.String)), sink data type: boolean","/app/src/main/java/com/veracode/verademo/controller/UserController.java","811","8","811","23"
"sink-detect-3",,"warning","Sink element in type: UserController, method: updateUsername, signature: com.veracode.verademo.controller.UserController.updateUsername(updateUsername(java.lang.String,java.lang.String)), sink data type: String","/app/src/main/java/com/veracode/verademo/controller/UserController.java","814","17","814","66"
"sink-detect-3",,"warning","Sink element in type: UserController, method: updateUsername, signature: com.veracode.verademo.controller.UserController.updateUsername(updateUsername(java.lang.String,java.lang.String)), sink data type: String","/app/src/main/java/com/veracode/verademo/controller/UserController.java","814","17","814","57"
"sink-detect-3",,"warning","Sink element in type: UserController, method: updateUsername, signature: com.veracode.verademo.controller.UserController.updateUsername(updateUsername(java.lang.String,java.lang.String)), sink data type: boolean","/app/src/main/java/com/veracode/verademo/controller/UserController.java","827","9","827","32"
"sink-detect-3",,"warning","Sink element in type: UserController, method: updateUsername, signature: com.veracode.verademo.controller.UserController.updateUsername(updateUsername(java.lang.String,java.lang.String)), sink data type: boolean","/app/src/main/java/com/veracode/verademo/controller/UserController.java","836","9","836","23"
"sink-detect-3",,"warning","Sink element in type: , method: accept, signature: <anonymous class>.accept(accept(java.io.File,java.lang.String)), sink data type: String","/app/src/main/java/com/veracode/verademo/controller/UserController.java","854","28","854","41"
"sink-detect-3",,"warning","Sink element in type: UserController, method: getProfileImageNameFromUsername, signature: com.veracode.verademo.controller.UserController.getProfileImageNameFromUsername(getProfileImageNameFromUsername(java.lang.String)), sink data type: boolean","/app/src/main/java/com/veracode/verademo/controller/UserController.java","858","7","858","30"
"sink-detect-3",,"warning","Sink element in type: UserController, method: emailExceptionsToAdmin, signature: com.veracode.verademo.controller.UserController.emailExceptionsToAdmin(emailExceptionsToAdmin(java.lang.Throwable)), sink data type: String","/app/src/main/java/com/veracode/verademo/controller/UserController.java","892","23","892","57"
"sink-detect-3",,"warning","Sink element in type: UserController, method: emailExceptionsToAdmin, signature: com.veracode.verademo.controller.UserController.emailExceptionsToAdmin(emailExceptionsToAdmin(java.lang.Throwable)), sink data type: String","/app/src/main/java/com/veracode/verademo/controller/UserController.java","895","20","895","42"
